{"stats":{"minecraft:killed":{"minecraft:sheep":1,"minecraft:skeleton":1,"minecraft:parrot":5,"minecraft:zombie":1},"minecraft:picked_up":{"minecraft:spruce_leaves":1,"minecraft:stick":2,"minecraft:feather":5,"minecraft:spruce_log":5,"minecraft:gunpowder":21,"minecraft:dirt":59,"minecraft:rotten_flesh":4,"minecraft:netherite_sword":1,"minecraft:red_tulip":64,"minecraft:totem_of_undying":37,"minecraft:enchanted_golden_apple":1,"minecraft:birch_sapling":2,"minecraft:white_wool":1,"minecraft:cobblestone":2,"minecraft:iron_boots":1},"minecraft:mined":{"minecraft:spruce_log":2,"minecraft:spruce_leaves":30},"minecraft:custom":{"minecraft:time_since_rest":51639,"minecraft:sprint_one_cm":53250,"minecraft:walk_one_cm":214540,"minecraft:damage_taken":7491,"minecraft:mob_kills":13,"minecraft:drop":36,"minecraft:animals_bred":1,"minecraft:damage_dealt":1398,"minecraft:swim_one_cm":3821,"minecraft:fly_one_cm":514616,"minecraft:open_chest":6,"minecraft:crouch_one_cm":9716,"minecraft:play_time":109896,"minecraft:deaths":2,"minecraft:bell_ring":15,"minecraft:sneak_time":7930,"minecraft:walk_under_water_one_cm":1739,"minecraft:jump":1059,"minecraft:leave_game":3,"minecraft:time_since_death":51534,"minecraft:walk_on_water_one_cm":1583,"minecraft:total_world_time":109896,"minecraft:fall_one_cm":753,"minecraft:horse_one_cm":3860},"minecraft:dropped":{"minecraft:rotten_flesh":2,"minecraft:pumpkin_pie":1,"minecraft:totem_of_undying":34},"minecraft:broken":{"minecraft:iron_helmet":1},"minecraft:used":{"minecraft:creeper_spawn_egg":48,"minecraft:mud":5,"minecraft:bamboo_trapdoor":41,"minecraft:netherite_sword":8,"minecraft:firework_rocket":550,"minecraft:red_tulip":9,"minecraft:flint_and_steel":1,"minecraft:bread":1,"minecraft:oak_planks":2,"minecraft:orange_tulip":43,"minecraft:iron_helmet":1,"minecraft:iron_boots":2,"minecraft:parrot_spawn_egg":30,"minecraft:bee_spawn_egg":1,"minecraft:diamond_sword":5,"minecraft:sweet_berries":8,"minecraft:wolf_spawn_egg":14,"minecraft:chain":4,"minecraft:birch_log":1,"minecraft:pumpkin_pie":1,"minecraft:wither_rose":3,"minecraft:bee_nest":1,"minecraft:lingering_potion":210},"minecraft:killed_by":{"minecraft:player":1}},"DataVersion":3955}