{"stats":{"minecraft:killed":{"minecraft:sheep":1,"minecraft:skeleton":5,"minecraft:wolf":6,"minecraft:parrot":2,"minecraft:zombie":4,"minecraft:pig":1,"minecraft:salmon":25,"minecraft:drowned":1,"minecraft:warden":1,"minecraft:villager":1,"minecraft:creeper":5,"minecraft:squid":1},"minecraft:crafted":{"minecraft:firework_star":64,"minecraft:crafting_table":1,"minecraft:stick":4,"minecraft:stone_pickaxe":1,"minecraft:birch_planks":8,"minecraft:firework_rocket":192},"minecraft:picked_up":{"minecraft:birch_log":2,"minecraft:crafting_table":1,"minecraft:feather":1,"minecraft:porkchop":1,"minecraft:gunpowder":2,"minecraft:dirt":8,"minecraft:bone":2,"minecraft:pumpkin_pie":1,"minecraft:stone_pickaxe":1,"minecraft:totem_of_undying":320,"minecraft:cobblestone":162},"minecraft:mined":{"minecraft:birch_log":2,"minecraft:crafting_table":1,"minecraft:grass_block":8,"minecraft:stone":64},"minecraft:custom":{"minecraft:time_since_rest":50688,"minecraft:sprint_one_cm":98488,"minecraft:damage_taken":130,"minecraft:walk_one_cm":137343,"minecraft:mob_kills":54,"minecraft:drop":9,"minecraft:damage_dealt":9871,"minecraft:player_kills":1,"minecraft:swim_one_cm":32,"minecraft:interact_with_crafting_table":4,"minecraft:fly_one_cm":552848,"minecraft:crouch_one_cm":3167,"minecraft:play_time":106811,"minecraft:deaths":1,"minecraft:bell_ring":15,"minecraft:sneak_time":1282,"minecraft:walk_under_water_one_cm":1010,"minecraft:jump":1789,"minecraft:leave_game":2,"minecraft:time_since_death":50632,"minecraft:walk_on_water_one_cm":1719,"minecraft:total_world_time":106811,"minecraft:fall_one_cm":1718},"minecraft:dropped":{"minecraft:feather":1,"minecraft:cobblestone":98,"minecraft:stone_pickaxe":1},"minecraft:used":{"minecraft:warden_spawn_egg":1,"minecraft:diamond_pickaxe":65,"minecraft:coal_ore":1,"minecraft:flint_and_steel":5,"minecraft:copper_ore":1,"minecraft:tnt_minecart":2,"minecraft:stone":3,"minecraft:spruce_leaves":24,"minecraft:rail":7,"minecraft:cobblestone":1,"minecraft:tnt":4,"minecraft:crafting_table":2,"minecraft:crossbow":10,"minecraft:enchanted_golden_apple":36}},"DataVersion":3955}