{"stats":{"minecraft:custom":{"minecraft:time_since_rest":10709,"minecraft:crouch_one_cm":3721,"minecraft:play_time":111214,"minecraft:sprint_one_cm":2517,"minecraft:deaths":2,"minecraft:damage_taken":370,"minecraft:walk_one_cm":76016,"minecraft:sneak_time":2793,"minecraft:walk_under_water_one_cm":6630,"minecraft:drop":317,"minecraft:jump":670,"minecraft:damage_dealt":90,"minecraft:leave_game":3,"minecraft:walk_on_water_one_cm":5892,"minecraft:time_since_death":10671,"minecraft:total_world_time":111214,"minecraft:fall_one_cm":3983,"minecraft:fly_one_cm":523569},"minecraft:used":{"minecraft:spruce_leaves":596,"minecraft:torch":4,"minecraft:dirt":1},"minecraft:picked_up":{"minecraft:birch_log":1,"minecraft:spruce_leaves":1,"minecraft:torch":1,"minecraft:totem_of_undying":325,"minecraft:coal":1,"minecraft:dirt":1,"minecraft:cobblestone":43},"minecraft:dropped":{"minecraft:spruce_leaves":1,"minecraft:dirt":1,"minecraft:enchanted_golden_apple":2,"minecraft:totem_of_undying":313}},"DataVersion":3955}