{"stats":{"minecraft:picked_up":{"minecraft:spruce_log":2,"minecraft:dirt":1},"minecraft:mined":{"minecraft:grass_block":1,"minecraft:spruce_leaves":2,"minecraft:spruce_log":2},"minecraft:custom":{"minecraft:jump":5,"minecraft:time_since_rest":4688,"minecraft:crouch_one_cm":135,"minecraft:play_time":4688,"minecraft:leave_game":2,"minecraft:time_since_death":4688,"minecraft:walk_one_cm":1630,"minecraft:sneak_time":138,"minecraft:total_world_time":4688,"minecraft:fall_one_cm":269}},"DataVersion":3955}