{"stats":{"minecraft:picked_up":{"minecraft:spruce_log":2,"minecraft:dirt":5},"minecraft:mined":{"minecraft:large_fern":2,"minecraft:grass_block":5,"minecraft:spruce_leaves":4,"minecraft:spruce_log":2},"minecraft:custom":{"minecraft:jump":26,"minecraft:time_since_rest":5956,"minecraft:sprint_one_cm":1071,"minecraft:play_time":5956,"minecraft:crouch_one_cm":135,"minecraft:leave_game":3,"minecraft:time_since_death":5956,"minecraft:walk_one_cm":11127,"minecraft:sneak_time":138,"minecraft:total_world_time":5956,"minecraft:fall_one_cm":1016,"minecraft:fly_one_cm":2457}},"DataVersion":3955}