{"stats":{"minecraft:picked_up":{"minecraft:spruce_log":2,"minecraft:dirt":5},"minecraft:mined":{"minecraft:large_fern":2,"minecraft:grass_block":5,"minecraft:spruce_leaves":5,"minecraft:spruce_log":2},"minecraft:custom":{"minecraft:jump":40,"minecraft:time_since_rest":8291,"minecraft:play_time":8291,"minecraft:crouch_one_cm":135,"minecraft:leave_game":4,"minecraft:sprint_one_cm":1071,"minecraft:time_since_death":8291,"minecraft:walk_one_cm":14556,"minecraft:sneak_time":143,"minecraft:total_world_time":8291,"minecraft:fall_one_cm":1225,"minecraft:fly_one_cm":2484}},"DataVersion":3955}