{"stats":{"minecraft:mined":{"minecraft:birch_log":5,"minecraft:short_grass":1,"minecraft:grass_block":1,"minecraft:birch_leaves":4,"minecraft:oak_leaves":1},"minecraft:custom":{"minecraft:jump":14,"minecraft:time_since_rest":2734,"minecraft:leave_game":1,"minecraft:play_time":2734,"minecraft:time_since_death":2734,"minecraft:walk_one_cm":2498,"minecraft:sneak_time":229,"minecraft:total_world_time":2734,"minecraft:fall_one_cm":476},"minecraft:picked_up":{"minecraft:stick":2,"minecraft:birch_log":5}},"DataVersion":3955}